<?xml version="1.0" encoding="utf-8"?>
<LinearLayout xmlns:android="http://schemas.android.com/apk/res/android"
    xmlns:tools="http://schemas.android.com/tools"
    android:orientation="vertical"
    android:layout_width="match_parent"
    android:layout_height="match_parent">

    <LinearLayout
        android:layout_width="match_parent"
        android:layout_height="match_parent"
        android:layout_weight="1.02"
        android:gravity="center"
        android:orientation="horizontal">

        <TextView
            android:layout_width="match_parent"
            android:layout_height="wrap_content"
            android:layout_weight="1"
            android:gravity="center"
            android:text="时间段"
            android:textSize="20sp" />

        <TextView
            android:layout_width="match_parent"
            android:layout_height="wrap_content"
            android:layout_weight="1"
            android:gravity="center"
            android:text="小型车(辆)"
            android:textSize="20sp" />

        <TextView
            android:layout_width="match_parent"
            android:layout_height="wrap_content"
            android:layout_weight="1"
            android:gravity="center"
            android:text="中型车(辆)"
            android:textSize="20sp" />
        <TextView
            android:layout_width="match_parent"
            android:layout_height="wrap_content"
            android:layout_weight="1"
            android:gravity="center"
            android:text="大型车(辆)"
            android:textSize="20sp" />
    </LinearLayout>

    <LinearLayout
        android:layout_weight="1"
        android:layout_width="match_parent"
        android:layout_height="match_parent"
        android:gravity="center"
        android:orientation="horizontal">
        <LinearLayout
            android:layout_weight="1"
            android:layout_width="match_parent"
            android:layout_height="match_parent">
            <TextView
                android:id="@+id/time1"
                android:layout_width="match_parent"
                android:layout_height="match_parent"
                android:gravity="center"
                android:text="0点-6点"
                android:textSize="20sp" />
        </LinearLayout>
        <LinearLayout
            android:layout_weight="1"
            android:layout_width="match_parent"
            android:layout_height="match_parent">
            <TextView
                android:id="@+id/sm1"
                android:layout_width="match_parent"
                android:layout_height="match_parent"
                android:gravity="center"
                android:text="0"
                android:textSize="20sp" />
        </LinearLayout>
        <LinearLayout
            android:layout_weight="1"
            android:layout_width="match_parent"
            android:layout_height="match_parent">
            <TextView
                android:id="@+id/md1"
                android:layout_width="match_parent"
                android:layout_height="match_parent"
                android:gravity="center"
                android:text="0"
                android:textSize="20sp" />
        </LinearLayout>
        <LinearLayout
            android:layout_weight="1"
            android:layout_width="match_parent"
            android:layout_height="match_parent">
            <TextView
                android:id="@+id/lg1"
                android:layout_width="match_parent"
                android:layout_height="match_parent"
                android:gravity="center"
                android:text="0"
                android:textSize="20sp" />
        </LinearLayout>
    </LinearLayout>

    <LinearLayout
        android:layout_weight="1"
        android:layout_width="match_parent"
        android:layout_height="match_parent"
        android:gravity="center"
        android:orientation="horizontal">
        <LinearLayout
            android:layout_weight="1"
            android:layout_width="match_parent"
            android:layout_height="match_parent">
            <TextView
                android:id="@+id/time2"
                android:layout_width="match_parent"
                android:layout_height="match_parent"
                android:gravity="center"
                android:text="6点-12点"
                android:textSize="20sp" />
        </LinearLayout>
        <LinearLayout
            android:layout_weight="1"
            android:layout_width="match_parent"
            android:layout_height="match_parent">
            <TextView
                android:id="@+id/sm2"
                android:layout_width="match_parent"
                android:layout_height="match_parent"
                android:gravity="center"
                android:text="0"
                android:textSize="20sp" />
        </LinearLayout>
        <LinearLayout
            android:layout_weight="1"
            android:layout_width="match_parent"
            android:layout_height="match_parent">
            <TextView
                android:id="@+id/md2"
                android:layout_width="match_parent"
                android:layout_height="match_parent"
                android:gravity="center"
                android:text="0"
                android:textSize="20sp" />
        </LinearLayout>
        <LinearLayout
            android:layout_weight="1"
            android:layout_width="match_parent"
            android:layout_height="match_parent">
            <TextView
                android:id="@+id/lg2"
                android:layout_width="match_parent"
                android:layout_height="match_parent"
                android:gravity="center"
                android:text="0"
                android:textSize="20sp" />
        </LinearLayout>
    </LinearLayout>

    <LinearLayout
        android:layout_weight="1"
        android:layout_width="match_parent"
        android:layout_height="match_parent"
        android:gravity="center"
        android:orientation="horizontal">
        <LinearLayout
            android:layout_weight="1"
            android:layout_width="match_parent"
            android:layout_height="match_parent">
            <TextView
                android:id="@+id/time3"
                android:layout_width="match_parent"
                android:layout_height="match_parent"
                android:gravity="center"
                android:text="12点-18点"
                android:textSize="20sp" />
        </LinearLayout>
        <LinearLayout
            android:layout_weight="1"
            android:layout_width="match_parent"
            android:layout_height="match_parent">
            <TextView
                android:id="@+id/sm3"
                android:layout_width="match_parent"
                android:layout_height="match_parent"
                android:gravity="center"
                android:text="0"
                android:textSize="20sp" />
        </LinearLayout>
        <LinearLayout
            android:layout_weight="1"
            android:layout_width="match_parent"
            android:layout_height="match_parent">
            <TextView
                android:id="@+id/md3"
                android:layout_width="match_parent"
                android:layout_height="match_parent"
                android:gravity="center"
                android:text="0"
                android:textSize="20sp" />
        </LinearLayout>
        <LinearLayout
            android:layout_weight="1"
            android:layout_width="match_parent"
            android:layout_height="match_parent">
            <TextView
                android:id="@+id/lg3"
                android:layout_width="match_parent"
                android:layout_height="match_parent"
                android:gravity="center"
                android:text="0"
                android:textSize="20sp" />
        </LinearLayout>
    </LinearLayout>

    <LinearLayout
    android:layout_weight="1"
    android:layout_width="match_parent"
    android:layout_height="match_parent"
    android:gravity="center"
    android:orientation="horizontal">
        <LinearLayout
            android:layout_weight="1"
            android:layout_width="match_parent"
            android:layout_height="match_parent">
            <TextView
                android:id="@+id/time4"
                android:layout_width="match_parent"
                android:layout_height="match_parent"
                android:gravity="center"
                android:text="18点-24点"
                android:textSize="20sp" />
        </LinearLayout>
        <LinearLayout
            android:layout_weight="1"
            android:layout_width="match_parent"
            android:layout_height="match_parent">
            <TextView
                android:id="@+id/sm4"
                android:layout_width="match_parent"
                android:layout_height="match_parent"
                android:gravity="center"
                android:text="0"
                android:textSize="20sp" />
        </LinearLayout>
        <LinearLayout
            android:layout_weight="1"
            android:layout_width="match_parent"
            android:layout_height="match_parent">
            <TextView
                android:id="@+id/md4"
                android:layout_width="match_parent"
                android:layout_height="match_parent"
                android:gravity="center"
                android:text="0"
                android:textSize="20sp" />
        </LinearLayout>
        <LinearLayout
            android:layout_weight="1"
            android:layout_width="match_parent"
            android:layout_height="match_parent">
            <TextView
                android:id="@+id/lg4"
                android:layout_width="match_parent"
                android:layout_height="match_parent"
                android:gravity="center"
                android:text="0"
                android:textSize="20sp" />
        </LinearLayout>
    </LinearLayout>

    <LinearLayout
        android:layout_weight="1"
        android:layout_width="match_parent"
        android:layout_height="match_parent"
        android:gravity="center"
        android:orientation="horizontal">
        <TextView
            android:layout_width="match_parent"
            android:layout_height="40dp"
            android:layout_weight="1"
            android:gravity="center_vertical"
            android:text="车流量最高的时段是："
            android:textSize="20sp" />
        <TextView
            android:id="@+id/result1"
            android:layout_weight="1"
            android:layout_width="match_parent"
            android:layout_height="40dp"
            android:gravity="center_vertical"
            android:text=""
            android:textSize="20sp" />
    </LinearLayout>
    <LinearLayout
            android:layout_weight="1"
            android:layout_width="match_parent"
            android:layout_height="match_parent"
            android:gravity="left"
            android:orientation="horizontal">
        <TextView
            android:layout_weight="1"
            android:layout_width="match_parent"
            android:layout_height="40dp"
            android:gravity="left"
            android:text="通行数量最多的车型是："
            android:textSize="20sp" />
        <TextView
            android:id="@+id/result2"
            android:layout_weight="1.25"
            android:layout_width="match_parent"
            android:layout_height="40dp"
            android:gravity="center_vertical"
            android:text=""
            android:textSize="20sp" />
    </LinearLayout>
    <LinearLayout
        android:layout_weight="0.8"
        android:layout_width="match_parent"
        android:layout_height="match_parent"
        android:gravity="center"
        android:orientation="horizontal">
        <com.github.mikephil.charting.charts.LineChart
            android:id="@+id/LineChart"
            android:layout_width="430dp"
            android:layout_height="350dp"
            android:background="#fff"
            tools:ignore="MissingConstraints" />
    </LinearLayout>

    <LinearLayout
        android:layout_weight="0.8"
        android:layout_width="match_parent"
        android:layout_height="match_parent"
        android:gravity="center"
        android:orientation="horizontal">
        <com.github.mikephil.charting.charts.BarChart
            android:id="@+id/BarChart"
            android:layout_width="430dp"
            android:layout_height="350dp"
            android:background="#fff"
            tools:ignore="MissingConstraints" />
    </LinearLayout>

</LinearLayout>